City_ID,City,Country,Date,Lat,Lng,Max Temp,Humidity,Cloudiness,Wind Speed
0,Kapaa,US,2022-11-24 19:51:22,22.0752,-159.319,70.2,87,100,29.93
1,Rikitea,PF,2022-11-24 19:51:22,-23.1203,-134.9692,74.55,82,100,10.38
2,Cayenne,GF,2022-11-24 19:51:23,4.9333,-52.3333,77.04,88,0,0.0
3,Albany,US,2022-11-24 19:51:23,42.6001,-73.9662,49.73,54,100,1.01
4,Vaini,TO,2022-11-24 19:51:24,-21.2,-175.2,78.96,83,75,5.75
5,Puerto Ayora,EC,2022-11-24 19:51:24,-0.7393,-90.3518,76.96,89,68,5.01
6,Bloemhof,ZA,2022-11-24 19:51:25,-27.6469,25.607,77.68,18,12,12.35
7,Saint George,US,2022-11-24 19:51:25,37.1041,-113.5841,57.43,28,0,5.75
8,Ribeira Grande,PT,2022-11-24 19:48:01,38.5167,-28.7,63.0,59,40,14.0
9,Lillooet,CA,2022-11-24 19:51:26,50.6856,-121.942,48.65,78,45,3.31
10,Alta Floresta,BR,2022-11-24 19:51:26,-9.8756,-56.0861,84.02,70,75,8.05
11,Mataura,NZ,2022-11-24 19:51:27,-46.1927,168.8643,46.29,98,99,6.24
12,Tasiilaq,GL,2022-11-24 19:51:27,65.6145,-37.6368,31.01,64,100,8.48
13,Half Moon Bay,US,2022-11-24 19:51:27,37.4636,-122.4286,70.88,45,0,10.36
14,Bandarbeyla,SO,2022-11-24 19:51:28,9.4942,50.8122,78.03,77,14,13.31
15,Itoman,JP,2022-11-24 19:51:28,26.1247,127.6694,73.42,73,100,11.5
16,Orlik,RU,2022-11-24 19:51:29,52.5178,99.825,-18.51,89,81,3.44
17,Busselton,AU,2022-11-24 19:51:29,-33.65,115.3333,56.52,87,42,1.3
18,Grindavik,IS,2022-11-24 19:51:29,63.8424,-22.4338,46.87,66,0,18.41
19,Desaguadero,PE,2022-11-24 19:51:30,-16.5656,-69.0417,58.64,33,93,15.79
20,Valkeala,FI,2022-11-24 19:51:30,60.9401,26.7979,27.0,86,100,9.22
21,Espanola,US,2022-11-24 19:51:31,35.9911,-106.0806,48.0,33,98,5.99
22,Chokurdakh,RU,2022-11-24 19:51:31,70.6333,147.9167,-35.75,100,78,2.55
23,Kruisfontein,ZA,2022-11-24 19:51:32,-34.0033,24.7314,62.89,74,99,14.09
24,Teguldet,RU,2022-11-24 19:51:32,57.3064,88.1667,-0.42,95,100,5.41
25,Vanimo,PG,2022-11-24 19:51:32,-2.6741,141.3028,76.03,90,99,4.9
26,Bluff,NZ,2022-11-24 19:51:33,-46.6,168.3333,51.46,74,85,15.28
27,Chapais,CA,2022-11-24 19:51:33,49.7834,-74.8492,28.18,90,100,10.58
28,Kavieng,PG,2022-11-24 19:51:34,-2.5744,150.7967,81.95,69,100,6.69
29,Tateyama,JP,2022-11-24 19:51:34,34.9833,139.8667,58.93,63,75,16.11
30,Jamestown,US,2022-11-24 19:51:34,42.097,-79.2353,51.44,37,0,9.22
31,Sakakah,SA,2022-11-24 19:51:35,29.9697,40.2064,65.77,53,88,11.56
32,Castro,BR,2022-11-24 19:51:35,-24.7911,-50.0119,70.95,66,3,6.73
33,Hobart,AU,2022-11-24 19:51:36,-42.8794,147.3294,52.05,79,75,8.05
34,Gushikawa,JP,2022-11-24 19:51:36,26.3544,127.8686,72.63,88,40,0.0
35,Hajduboszormeny,HU,2022-11-24 19:51:37,47.6667,21.5167,38.93,87,100,5.39
36,Khatanga,RU,2022-11-24 19:51:37,71.9667,102.5,-28.77,94,99,11.21
37,Deputatskiy,RU,2022-11-24 19:51:37,69.3,139.9,-29.76,96,100,4.09
38,Salihli,TR,2022-11-24 19:51:38,38.4826,28.1477,54.37,79,27,3.94
39,Ahipara,NZ,2022-11-24 19:51:38,-35.1667,173.1667,60.91,76,22,14.18
40,Vieste,IT,2022-11-24 19:51:39,41.8825,16.175,57.45,69,6,12.44
41,Palmeira,BR,2022-11-24 19:51:39,-25.4294,-50.0064,70.0,76,3,6.64
42,Vila,PT,2022-11-24 19:51:39,42.0304,-8.1588,45.48,95,100,3.67
43,Saskylakh,RU,2022-11-24 19:51:40,71.9167,114.0833,-19.03,93,99,6.89
44,Avanigadda,IN,2022-11-24 19:51:41,16.0215,80.9181,75.27,86,19,3.53
45,Punta Arenas,CL,2022-11-24 19:52:41,-53.15,-70.9167,55.51,41,40,40.29
46,Lebu,CL,2022-11-24 19:52:42,-37.6167,-73.65,59.88,70,100,20.02
47,Lata,PT,2022-11-24 19:52:42,40.1629,-8.3327,62.82,96,96,0.94
48,Georgetown,MY,2022-11-24 19:52:43,5.4112,100.3354,81.23,90,40,2.3
49,Joshimath,IN,2022-11-24 19:52:43,30.5667,79.5667,52.2,21,7,8.16
50,Ornskoldsvik,SE,2022-11-24 19:52:43,63.2909,18.7153,23.95,100,100,3.44
51,Port Elizabeth,ZA,2022-11-24 19:52:44,-33.918,25.5701,65.1,73,40,17.27
52,Lagoa,PT,2022-11-24 19:52:44,39.05,-27.9833,61.36,64,100,22.7
53,Neiafu,TO,2022-11-24 19:52:45,-18.65,-173.9833,81.28,89,40,8.05
54,Kieta,PG,2022-11-24 19:52:45,-6.2167,155.6333,78.78,83,40,0.83
55,Manama,BH,2022-11-24 19:50:15,26.2154,50.5832,75.18,50,0,5.75
56,Morondava,MG,2022-11-24 19:51:04,-20.2833,44.2833,77.14,71,55,6.93
57,Arraial Do Cabo,BR,2022-11-24 19:52:46,-22.9661,-42.0278,71.56,94,75,5.75
58,Ulaangom,MN,2022-11-24 19:52:46,49.9811,92.0667,-2.27,71,27,5.37
59,Celestun,MX,2022-11-24 19:52:46,20.8667,-90.4,83.59,62,99,6.17
60,Yellowknife,CA,2022-11-24 19:52:47,62.456,-114.3525,21.72,93,75,20.71
61,Ushuaia,AR,2022-11-24 19:52:47,-54.8,-68.3,58.66,38,75,24.16
62,Inhambane,MZ,2022-11-24 19:52:48,-23.865,35.3833,76.87,76,1,14.58
63,Boende,CD,2022-11-24 19:52:48,-0.2167,20.8667,72.34,94,61,3.13
64,Yenagoa,NG,2022-11-24 19:52:49,4.9247,6.2642,79.27,79,37,5.1
65,Ust-Kuyga,RU,2022-11-24 19:52:49,70.0167,135.6,-32.62,98,100,5.35
66,Upernavik,GL,2022-11-24 19:52:50,72.7868,-56.1549,12.15,93,97,7.27
67,Carnarvon,AU,2022-11-24 19:52:50,-24.8667,113.6333,67.93,75,0,17.9
68,Mount Isa,AU,2022-11-24 19:52:50,-20.7333,139.5,71.37,40,72,5.75
69,Longyearbyen,SJ,2022-11-24 19:52:51,78.2186,15.6401,30.04,80,75,6.91
70,Zyryanka,RU,2022-11-24 19:52:51,65.75,150.85,-15.65,96,100,11.61
71,Mar Del Plata,AR,2022-11-24 19:50:33,-38.0023,-57.5575,68.83,64,0,20.71
72,Piacabucu,BR,2022-11-24 19:52:52,-10.4056,-36.4344,79.75,78,1,14.52
73,Hilo,US,2022-11-24 19:52:52,19.7297,-155.09,80.11,68,0,12.66
74,Chimore,BO,2022-11-24 19:52:52,-16.9833,-65.1333,97.61,27,100,1.32
75,Butaritari,KI,2022-11-24 19:52:53,3.0707,172.7902,80.26,75,95,9.51
76,Litovko,RU,2022-11-24 19:52:53,49.2361,135.1742,8.24,94,100,1.92
77,Mount Gambier,AU,2022-11-24 19:52:54,-37.8333,140.7667,46.81,94,97,4.21
78,Udachnyy,RU,2022-11-24 19:52:54,66.4167,112.4,-28.55,74,99,2.51
79,Okha,RU,2022-11-24 19:52:54,53.5739,142.9478,13.96,85,46,12.35
80,Sinegorye,RU,2022-11-24 19:52:55,62.0788,150.477,-13.54,99,100,4.23
81,Norman Wells,CA,2022-11-24 19:52:55,65.282,-126.8329,10.44,92,100,4.61
82,Ternate,ID,2022-11-24 19:52:56,0.8,127.4,80.01,81,100,3.98
83,Nanortalik,GL,2022-11-24 19:52:56,60.1432,-45.2371,28.67,70,64,6.44
84,Tuktoyaktuk,CA,2022-11-24 19:52:56,69.4541,-133.0374,6.8,92,100,6.91
85,Mpongwe,ZM,2022-11-24 19:52:57,-13.5091,28.155,66.11,89,100,5.7
86,Tucurui,BR,2022-11-24 19:52:57,-3.7661,-49.6725,82.98,73,92,3.15
87,Lincoln,US,2022-11-24 19:52:36,40.8,-96.667,50.16,55,0,18.41
88,Barrow,US,2022-11-24 19:52:58,71.2906,-156.7887,10.42,85,100,6.91
89,Provideniya,RU,2022-11-24 19:53:58,64.3833,-173.3,17.22,88,99,14.58
90,Luderitz,NA,2022-11-24 19:53:59,-26.6481,15.1594,63.05,67,0,20.0
91,Sitka,US,2022-11-24 19:53:59,57.0531,-135.33,37.29,81,100,17.27
92,Ixtapa,MX,2022-11-24 19:54:00,20.7,-105.2,85.23,53,6,6.04
93,Bathsheba,BB,2022-11-24 19:54:00,13.2167,-59.5167,83.01,74,20,13.8
94,Buarcos,PT,2022-11-24 19:54:00,40.166,-8.8768,64.56,94,78,6.8
95,Alice Springs,AU,2022-11-24 19:50:23,-23.7,133.8833,63.95,100,40,0.0
96,Hermanus,ZA,2022-11-24 19:54:01,-34.4187,19.2345,58.8,52,97,8.39
97,Qaanaaq,GL,2022-11-24 19:54:01,77.484,-69.3632,7.25,95,99,3.6
98,Gulu,UG,2022-11-24 19:54:02,2.7746,32.299,66.79,79,50,2.33
99,Carutapera,BR,2022-11-24 19:54:02,-1.195,-46.02,82.11,70,100,7.87
100,Paamiut,GL,2022-11-24 19:54:03,61.994,-49.6678,24.91,62,100,11.05
101,Tecoanapa,MX,2022-11-24 19:54:03,16.5167,-98.75,83.93,64,69,8.99
102,Santa Rosa,PH,2022-11-24 19:54:04,14.3122,121.1114,81.09,91,66,7.67
103,Dikson,RU,2022-11-24 19:54:04,73.5069,80.5464,-11.43,92,98,20.62
104,Mehamn,NO,2022-11-24 19:51:09,71.0357,27.8492,26.55,63,0,3.44
105,Ponta Do Sol,PT,2022-11-24 19:54:05,32.6667,-17.1,66.83,72,100,2.39
106,Avarua,CK,2022-11-24 19:49:13,-21.2078,-159.775,78.85,69,75,16.11
107,Ayagoz,KZ,2022-11-24 19:54:05,47.9714,80.4392,16.74,79,100,4.79
108,Richards Bay,ZA,2022-11-24 19:54:06,-28.783,32.0377,74.35,89,72,15.5
109,Jalu,LY,2022-11-24 19:54:06,29.0331,21.5482,63.9,67,7,10.31
110,Marquette,US,2022-11-24 19:54:07,46.5333,-87.6335,45.36,81,100,7.85
111,Clyde River,CA,2022-11-24 19:54:07,70.4692,-68.5914,-10.97,64,0,4.61
112,Okoneshnikovo,RU,2022-11-24 19:54:08,54.8377,75.0834,3.0,90,100,6.62
113,Wenling,CN,2022-11-24 19:54:08,28.3669,121.36,61.81,81,94,2.75
114,Kununurra,AU,2022-11-24 19:54:09,-15.7667,128.7333,76.98,94,87,4.61
115,Barentu,ER,2022-11-24 19:54:09,15.1139,37.5928,74.44,23,1,4.9
116,Fortuna,US,2022-11-24 19:54:10,40.5982,-124.1573,59.99,55,0,3.44
117,Kahului,US,2022-11-24 19:54:10,20.8947,-156.47,72.3,95,60,11.01
118,Cockburn Town,TC,2022-11-24 19:52:52,21.4612,-71.1419,81.1,73,9,14.29
119,Baykit,RU,2022-11-24 19:54:11,61.67,96.37,-15.61,99,100,1.14
120,Riverton,US,2022-11-24 19:54:11,40.5219,-111.9391,44.29,58,0,5.75
121,Nome,US,2022-11-24 19:54:12,64.5011,-165.4064,23.07,86,100,14.97
122,Minot,US,2022-11-24 19:50:34,48.2325,-101.2963,39.42,60,0,13.8
123,Zelhem,NL,2022-11-24 19:52:04,52.0067,6.3486,47.01,87,81,5.01
124,Atuona,PF,2022-11-24 19:54:13,-9.8,-139.0333,77.56,76,14,13.62
125,Diego De Almagro,CL,2022-11-24 19:51:28,-26.3667,-70.05,83.68,15,0,15.82
126,Lakes Entrance,AU,2022-11-24 19:54:13,-37.8811,147.981,54.16,74,89,9.44
127,Port Augusta,AU,2022-11-24 19:54:14,-32.5,137.7667,66.42,36,0,4.5
128,Yangcun,CN,2022-11-24 19:54:14,39.3639,117.0603,51.78,74,0,7.23
129,Port Alfred,ZA,2022-11-24 19:54:15,-33.5906,26.891,65.17,75,97,5.99
130,Bredasdorp,ZA,2022-11-24 19:54:15,-34.5322,20.0403,57.56,52,50,6.96
131,Guerrero Negro,MX,2022-11-24 19:54:15,27.9769,-114.0611,76.44,19,0,18.1
132,Esperance,AU,2022-11-24 19:54:16,-33.8667,121.9,60.64,89,71,4.47
133,Cocobeach,GA,2022-11-24 19:54:17,1.0002,9.5823,76.91,90,100,7.18
134,Nikolskoye,RU,2022-11-24 19:54:17,59.7035,30.7861,19.29,92,82,4.83
135,Legnica,PL,2022-11-24 19:54:17,51.2101,16.1619,43.05,93,100,4.88
136,Opuwo,NA,2022-11-24 19:54:18,-18.0607,13.84,72.45,59,23,3.83
137,Cape Town,ZA,2022-11-24 19:55:19,-33.9258,18.4232,62.1,55,20,12.66
138,Ostrovnoy,RU,2022-11-24 19:55:19,68.0531,39.5131,24.98,86,88,14.0
139,Usman,RU,2022-11-24 19:55:19,52.0466,39.7288,32.04,95,100,4.56
140,Severo-Kurilsk,RU,2022-11-24 19:55:20,50.6789,156.125,32.4,73,100,7.7
141,Nicoya,CR,2022-11-24 19:55:20,10.1483,-85.452,81.97,77,57,3.27
142,Danilovka,RU,2022-11-24 19:55:21,50.3557,44.1168,35.8,89,94,3.76
143,Bengkulu,ID,2022-11-24 19:55:21,-3.8004,102.2655,75.56,90,100,6.78
144,Praia Da Vitoria,PT,2022-11-24 19:55:22,38.7333,-27.0667,61.75,88,75,13.38
145,Westport,US,2022-11-24 19:52:29,41.1415,-73.3579,53.89,61,53,1.99
146,Odesskoye,RU,2022-11-24 19:55:23,54.2111,72.9651,11.12,86,100,10.85
147,San Carlos De Bariloche,AR,2022-11-24 19:50:28,-41.1456,-71.3082,71.35,10,0,19.57
148,Narsaq,GL,2022-11-24 19:55:24,60.9167,-46.05,21.85,65,15,11.95
149,Bida,NG,2022-11-24 19:55:24,9.0833,6.0167,80.56,25,2,3.42
150,Ballina,AU,2022-11-24 19:55:24,-28.8667,153.5667,66.02,99,9,6.29
151,Bayir,TR,2022-11-24 19:55:25,37.2687,28.2167,46.92,90,2,2.51
152,Touros,BR,2022-11-24 19:55:25,-5.1989,-35.4608,80.49,72,6,13.2
153,Bethel,US,2022-11-24 19:51:22,41.3712,-73.414,52.02,53,0,8.05
154,Yar-Sale,RU,2022-11-24 19:55:26,66.8333,70.8333,-19.59,99,33,7.23
155,Torbay,CA,2022-11-24 19:55:27,47.6666,-52.7314,26.28,84,75,29.93
156,Hasaki,JP,2022-11-24 19:55:27,35.7333,140.8333,53.22,57,100,15.59
157,Samandag,TR,2022-11-24 19:55:28,36.0842,35.9771,57.7,89,100,7.7
158,Chuy,UY,2022-11-24 19:55:28,-33.6971,-53.4616,80.37,50,0,8.68
159,North Bend,US,2022-11-24 19:55:28,43.4065,-124.2243,57.16,66,0,3.44
160,New Norfolk,AU,2022-11-24 19:55:29,-42.7826,147.0587,51.71,70,100,3.0
161,Salalah,OM,2022-11-24 19:53:07,17.0151,54.0924,75.67,64,0,1.59
162,Saint-Philippe,RE,2022-11-24 19:55:29,-21.3585,55.7679,72.99,80,19,9.71
163,Lompoc,US,2022-11-24 19:55:30,34.6391,-120.4579,78.69,24,1,4.0
164,Saldanha,ZA,2022-11-24 19:55:30,-33.0117,17.9442,60.84,67,19,18.54
165,Faanui,PF,2022-11-24 19:55:31,-16.4833,-151.75,78.49,77,33,14.41
166,Preeceville,CA,2022-11-24 19:55:31,51.95,-102.6677,30.97,85,100,6.06
167,Darhan,MN,2022-11-24 19:55:31,49.4867,105.9228,7.66,51,100,8.84
168,Egvekinot,RU,2022-11-24 19:55:32,66.3167,-179.1667,9.36,88,100,10.38
169,Kodiak,US,2022-11-24 19:55:32,57.79,-152.4072,34.52,66,66,10.38
170,Tomatlan,MX,2022-11-24 19:55:33,19.9333,-105.25,86.83,52,23,7.76
171,Nouadhibou,MR,2022-11-24 19:55:33,20.931,-17.0347,71.58,49,0,13.8
172,Lerwick,GB,2022-11-24 19:55:34,60.1545,-1.1494,49.6,82,99,29.3
173,Cherskiy,RU,2022-11-24 19:55:34,68.75,161.3,-14.85,96,100,2.26
174,Asau,RO,2022-11-24 19:55:35,46.4333,26.4,33.28,97,100,2.19
175,Marsh Harbour,BS,2022-11-24 19:55:35,26.5412,-77.0636,80.2,68,9,10.31
176,Marsa Matruh,EG,2022-11-24 19:55:36,31.3525,27.2453,66.52,74,6,17.96
177,Burns Lake,CA,2022-11-24 19:55:36,54.2331,-125.7533,35.02,87,100,4.16
178,Progreso,MX,2022-11-24 19:55:36,21.2833,-89.6667,89.11,62,100,9.42
179,Lavrentiya,RU,2022-11-24 19:55:37,65.5833,-171.0,19.76,92,100,11.54
180,Wukari,NG,2022-11-24 19:55:37,7.85,9.7833,78.31,22,7,5.55
181,Taoudenni,ML,2022-11-24 19:55:38,22.6783,-3.9836,76.46,18,100,13.15
182,Qui Nhon,VN,2022-11-24 19:56:38,13.7667,109.2333,75.87,92,95,4.59
183,Barraute,CA,2022-11-24 19:56:39,48.4335,-77.6328,35.87,93,100,10.4
184,Cabo San Lucas,MX,2022-11-24 19:55:04,22.8909,-109.9124,83.61,57,39,4.94
185,Quelimane,MZ,2022-11-24 19:56:39,-17.8786,36.8883,80.55,88,20,15.01
186,Birin,NP,2022-11-24 19:56:40,26.8865,88.0718,50.97,53,0,5.61
187,Uhlove,UA,2022-11-24 19:56:40,44.8215,33.6045,55.02,86,100,2.04
188,Las Palmas,ES,2022-11-24 19:56:41,28.4204,-14.0131,66.99,83,40,12.66
189,Yulara,AU,2022-11-24 19:56:41,-25.2406,130.9889,68.45,64,96,3.27
190,Coquimbo,CL,2022-11-24 19:53:17,-29.9533,-71.3436,65.93,68,0,12.66
191,Saint-Joseph,RE,2022-11-24 19:56:42,-21.3667,55.6167,71.98,76,9,10.4
192,Starosubkhangulovo,RU,2022-11-24 19:56:42,53.1031,57.4423,13.46,99,97,1.57
193,Pangnirtung,CA,2022-11-24 19:56:42,66.1451,-65.7125,5.0,66,20,4.61
194,Copiapo,CL,2022-11-24 19:55:46,-27.3667,-70.3333,67.69,20,0,12.57
195,Vestmannaeyjar,IS,2022-11-24 19:56:43,63.4427,-20.2734,45.64,83,30,25.05
196,Aden,YE,2022-11-24 19:55:28,12.7794,45.0367,79.41,73,0,17.0
197,Kashi,CN,2022-11-24 19:56:44,39.4547,75.9797,43.81,33,64,2.24
198,Teluknaga,ID,2022-11-24 19:56:44,-6.0989,106.6381,79.63,94,100,3.44
199,Berlevag,NO,2022-11-24 19:56:44,70.8578,29.0864,26.6,73,40,14.97
200,Bambous Virieux,MU,2022-11-24 19:56:45,-20.3428,57.7575,77.25,78,20,9.22
201,Waipawa,NZ,2022-11-24 19:56:45,-41.4122,175.5153,52.16,75,98,8.97
202,Susanville,US,2022-11-24 19:56:46,40.4163,-120.653,47.8,50,0,5.75
203,Konanur,IN,2022-11-24 19:56:46,12.6264,76.0542,66.36,97,80,3.11
204,Sulangan,PH,2022-11-24 19:56:46,11.1373,123.7228,82.17,81,93,14.18
205,Longkou,CN,2022-11-24 19:56:47,37.6508,120.3286,54.91,79,12,22.01
206,Matay,EG,2022-11-24 19:56:47,28.419,30.7792,62.76,27,0,7.92
207,Orikum,AL,2022-11-24 19:56:48,40.3253,19.4714,57.16,67,15,10.29
208,Cassia,BR,2022-11-24 19:56:48,-20.5831,-46.9219,78.46,62,70,4.16
209,Aykhal,RU,2022-11-24 19:56:48,66.0,111.5,-26.07,100,100,3.58
210,Hithadhoo,MV,2022-11-24 19:56:49,-0.6,73.0833,81.66,76,10,12.97
211,Lorengau,PG,2022-11-24 19:56:49,-2.0226,147.2712,80.73,71,96,3.53
212,Thompson,CA,2022-11-24 19:53:23,55.7435,-97.8558,24.96,80,100,11.5
213,Moissala,TD,2022-11-24 19:56:50,8.3404,17.7663,82.06,31,52,4.36
214,Tiksi,RU,2022-11-24 19:56:50,71.6872,128.8694,-22.95,100,99,6.44
215,Santa Barbara,US,2022-11-24 19:56:51,34.7333,-120.0343,74.23,23,0,5.75
216,Hamilton,US,2022-11-24 19:51:54,39.1834,-84.5333,65.23,39,0,6.91
217,Vao,NC,2022-11-24 19:56:51,-22.6667,167.4833,73.02,67,75,13.58
218,Fujin,CN,2022-11-24 19:56:52,47.26,132.0322,22.51,94,100,11.56
219,Kabalo,CD,2022-11-24 19:56:52,-6.05,26.9167,72.03,85,66,3.11
220,Victoria,HK,2022-11-24 19:51:53,22.2855,114.1577,72.18,92,99,8.01
221,Ilulissat,GL,2022-11-24 19:56:53,69.2167,-51.1,-0.89,82,20,6.06
222,Bac Lieu,VN,2022-11-24 19:54:41,9.285,105.7244,78.1,87,75,6.35
223,Kimbe,PG,2022-11-24 19:56:53,-5.5502,150.1429,75.47,92,61,3.18
224,Mahebourg,MU,2022-11-24 19:56:54,-20.4081,57.7,77.29,78,20,9.22
225,Dunedin,NZ,2022-11-24 19:56:54,-45.8742,170.5036,48.79,73,68,5.99
226,Anadyr,RU,2022-11-24 19:56:55,64.75,177.4833,18.1,85,40,26.84
227,Bryan,US,2022-11-24 19:57:55,30.6744,-96.37,62.69,96,100,11.5
228,Lazaro Cardenas,MX,2022-11-24 19:54:36,17.9583,-102.2,84.07,65,42,9.06
229,Esplanada,BR,2022-11-24 19:57:56,-11.7961,-37.945,79.43,64,56,11.21
230,Port Moresby,PG,2022-11-24 19:57:56,-9.4431,147.1797,78.22,94,20,5.75
231,Mitzic,GA,2022-11-24 19:57:57,0.7821,11.549,70.21,96,100,0.38
232,Te Anau,NZ,2022-11-24 19:57:57,-45.4167,167.7167,43.7,95,100,1.95
233,Hailar,CN,2022-11-24 19:57:58,49.2,119.7,15.71,96,100,4.29
234,Tura,IN,2022-11-24 19:57:58,25.5198,90.2201,62.11,81,2,3.8
235,Nara,JP,2022-11-24 19:57:58,34.6851,135.8049,47.5,77,0,2.46
236,Shakawe,BW,2022-11-24 19:57:59,-18.3667,21.85,75.99,56,85,2.28
237,San Patricio,US,2022-11-24 19:57:59,28.017,-97.5169,80.47,86,92,4.81
238,Nizhnevartovsk,RU,2022-11-24 19:53:48,60.9344,76.5531,-21.98,76,0,4.47
239,Camana,PE,2022-11-24 19:58:00,-16.6228,-72.7111,72.05,77,51,7.7
240,Luwingu,ZM,2022-11-24 19:58:00,-10.2621,29.9271,62.08,91,62,5.84
241,Maceio,BR,2022-11-24 19:54:07,-9.6658,-35.7353,85.44,58,0,13.8
242,Hervey Bay,AU,2022-11-24 19:58:01,-25.2986,152.8535,71.26,38,95,5.35
243,Phonhong,LA,2022-11-24 19:58:01,18.5007,102.4166,72.68,97,100,1.25
244,Tolaga Bay,NZ,2022-11-24 19:58:02,-38.3667,178.3,60.1,53,6,17.25
245,Leningradskiy,RU,2022-11-24 19:58:02,69.3833,178.4167,5.36,95,100,7.18
246,Derzhavinsk,KZ,2022-11-24 19:58:03,51.1,66.3167,32.32,96,100,6.8
247,Bohodukhiv,UA,2022-11-24 19:58:03,50.1647,35.5276,36.03,75,100,13.15
248,Inuvik,CA,2022-11-24 19:58:04,68.3499,-133.7218,5.86,89,75,3.44
249,Northam,GB,2022-11-24 19:58:04,51.0333,-4.2167,48.38,80,8,26.49
250,Corrente,BR,2022-11-24 19:58:05,-3.7367,-43.3394,92.93,36,94,3.31
251,Margate,GB,2022-11-24 19:58:05,51.3813,1.3862,50.9,88,100,5.01
252,The Valley,AI,2022-11-24 19:58:06,18.217,-63.0578,82.81,78,20,10.36
253,Portland,US,2022-11-24 19:54:47,45.5234,-122.6762,56.95,64,29,8.99
254,Lufilufi,WS,2022-11-24 19:58:07,-13.8745,-171.5986,82.18,75,12,9.78
255,Benguela,AO,2022-11-24 19:58:07,-12.5763,13.4055,78.46,82,32,8.14
256,Urumqi,CN,2022-11-24 19:58:08,43.801,87.6005,25.75,93,20,4.47
257,Omboue,GA,2022-11-24 19:58:09,-1.5746,9.2618,76.75,92,100,5.35
258,Pevek,RU,2022-11-24 19:58:09,69.7008,170.3133,-4.52,94,100,1.43
259,Codajas,BR,2022-11-24 19:58:09,-3.8367,-62.0569,89.44,50,18,4.27
260,Upington,ZA,2022-11-24 19:58:10,-28.4478,21.2561,73.78,27,1,5.75
261,Muros,ES,2022-11-24 19:58:10,42.7762,-9.0603,56.08,88,99,11.18
262,Palmares Do Sul,BR,2022-11-24 19:58:11,-30.2578,-50.5097,73.17,48,0,9.75
263,Cidreira,BR,2022-11-24 19:58:11,-30.1811,-50.2056,70.56,58,0,8.03
264,Amarante Do Maranhao,BR,2022-11-24 19:58:12,-5.5667,-46.7422,77.16,89,100,3.91
265,Petropavlovsk-Kamchatskiy,RU,2022-11-24 19:58:12,53.0452,158.6483,23.59,58,0,6.71
266,Singaparna,ID,2022-11-24 19:58:13,-7.3515,108.111,71.08,98,100,0.56
267,Pisco,PE,2022-11-24 19:58:13,-13.7,-76.2167,71.65,78,0,9.22
268,Zhangye,CN,2022-11-24 19:58:14,38.9342,100.4517,30.49,41,18,5.61
269,Yokadouma,CM,2022-11-24 19:58:14,3.5167,15.05,76.93,67,100,1.68
270,Krasnoselkup,RU,2022-11-24 19:58:15,65.7,82.4667,-31.9,94,6,7.27
271,Grand Gaube,MU,2022-11-24 19:59:15,-20.0064,57.6608,77.4,68,3,7.0
272,Hoddesdon,GB,2022-11-24 19:59:16,51.7615,-0.0114,50.9,87,86,1.01
273,Asyut,EG,2022-11-24 19:59:16,27.181,31.1837,63.99,34,0,7.99
274,San Quintin,MX,2022-11-24 19:59:17,30.4833,-115.95,70.43,34,0,8.52
275,Dhidhdhoo,MV,2022-11-24 19:59:17,6.8833,73.1,81.09,68,97,7.94
276,Bonthe,SL,2022-11-24 19:59:18,7.5264,-12.505,79.43,81,10,8.28
277,Tiarei,PF,2022-11-24 19:59:18,-17.5333,-149.3333,82.42,81,33,17.98
278,Kazachinskoye,RU,2022-11-24 19:59:19,57.6953,93.2761,-0.02,96,100,1.92
279,Airai,TL,2022-11-24 19:59:19,-8.9266,125.4092,61.66,92,100,1.66
280,Jibuti,DJ,2022-11-24 19:59:20,11.5,42.5,70.92,73,0,17.92
281,Plakhtiyivka,UA,2022-11-24 19:59:20,46.1006,29.7217,47.75,88,100,7.16
282,Aklavik,CA,2022-11-24 19:59:21,68.2191,-135.0107,3.2,85,100,2.3
283,Erenhot,CN,2022-11-24 19:59:21,43.6475,111.9767,21.2,38,0,29.39
284,Bemidji,US,2022-11-24 19:56:10,47.4736,-94.8803,41.92,60,0,12.66
285,Gat,IL,2022-11-24 19:59:22,31.61,34.7642,64.4,100,2,6.58
286,Parakou,BJ,2022-11-24 19:59:22,9.3372,2.6303,77.38,25,42,5.82
287,Valle Nacional,MX,2022-11-24 19:59:23,17.7833,-96.3167,86.47,59,43,4.5
288,Naze,JP,2022-11-24 19:59:23,28.3667,129.4833,65.32,66,100,10.47
289,Chai Nat,TH,2022-11-24 19:59:24,15.1167,100.1,79.05,99,100,5.21
290,Prince Rupert,CA,2022-11-24 19:59:24,54.3161,-130.3201,46.09,82,100,16.11
291,Riberalta,BO,2022-11-24 19:59:25,-10.9833,-66.1,85.66,70,62,1.86
292,Maniwaki,CA,2022-11-24 19:59:25,46.3834,-75.966,39.58,60,100,9.22
293,Cheney,US,2022-11-24 19:59:25,47.4874,-117.5758,35.26,97,100,6.91
294,Gamba,GA,2022-11-24 19:59:26,-2.65,10.0,77.13,89,100,8.32
295,Luanda,AO,2022-11-24 19:55:36,-8.8368,13.2343,79.12,82,52,7.61
296,Campbell River,CA,2022-11-24 19:55:58,50.0163,-125.2446,50.59,66,75,14.97
297,Palu,ID,2022-11-24 19:59:27,-0.8917,119.8707,75.85,92,100,2.53
298,Birao,CF,2022-11-24 19:59:27,10.2849,22.7882,76.48,29,11,6.29
299,Panaba,MX,2022-11-24 19:59:28,21.2833,-88.2667,90.46,38,84,6.76
300,Balad,IQ,2022-11-24 19:59:28,34.0164,44.1453,72.37,32,100,12.73
301,Bani,DO,2022-11-24 19:59:28,18.2833,-70.3333,85.44,62,8,14.14
302,Karachi,PK,2022-11-24 19:59:29,24.9056,67.0822,64.22,82,61,4.61
303,Ancud,CL,2022-11-24 19:59:29,-41.8697,-73.8203,56.82,54,1,4.83
304,Olinda,BR,2022-11-24 19:59:30,-8.0089,-34.8553,82.13,69,20,9.22
305,Nefteyugansk,RU,2022-11-24 19:59:30,61.0998,72.6035,-17.93,96,43,8.84
306,Isabela,PH,2022-11-24 19:59:31,6.7085,121.9711,78.4,86,100,2.33
307,Baghdad,IQ,2022-11-24 19:57:07,33.3406,44.4009,69.71,49,75,8.05
308,Sao Filipe,CV,2022-11-24 19:59:31,14.8961,-24.4956,77.14,62,1,12.03
309,Pathanamthitta,IN,2022-11-24 19:59:32,9.2667,76.7833,70.47,90,100,1.97
310,Bilma,NE,2022-11-24 19:59:32,18.6853,12.9164,70.56,18,54,9.75
311,Wajid,SO,2022-11-24 19:59:33,3.8093,43.2471,78.64,65,41,15.19
312,Kopervik,NO,2022-11-24 19:59:33,59.2835,5.3067,49.32,66,20,19.57
313,Kharp,RU,2022-11-24 19:59:33,66.8014,65.8081,-1.79,99,98,1.9
314,Okhotsk,RU,2022-11-24 19:59:34,59.3833,143.3,-0.26,90,96,15.9
315,Minas,UY,2022-11-24 19:57:26,-34.3759,-55.2377,87.08,36,0,10.45
316,Mackenzie,CA,2022-11-24 19:59:34,55.2999,-123.1698,35.82,100,100,11.5
317,Broome,US,2022-11-24 19:59:35,42.2506,-75.833,53.19,46,92,4.0
318,Marienburg,PL,2022-11-24 20:00:35,54.0359,19.0266,31.03,96,100,1.1
319,Kenai,US,2022-11-24 20:00:36,60.5544,-151.2583,6.85,85,20,3.44
320,Codrington,AU,2022-11-24 20:00:36,-38.2667,141.9667,48.36,91,22,4.47
321,Pemangkat,ID,2022-11-24 20:00:37,1.1667,108.9667,77.61,84,60,3.56
322,Manggar,ID,2022-11-24 20:00:38,-2.8833,108.2667,78.76,85,99,4.07
323,Yamethin,MM,2022-11-24 20:00:38,20.4333,96.15,69.22,81,85,5.12
324,Ambon,ID,2022-11-24 20:00:39,-3.6954,128.1814,78.24,15,95,3.83
325,Avera,US,2022-11-24 19:59:20,33.194,-82.5271,61.38,51,100,10.04
326,Aberdeen,GB,2022-11-24 20:00:40,57.1437,-2.0981,48.69,89,75,14.97
327,Tadine,NC,2022-11-24 20:00:40,-21.55,167.8833,75.43,76,100,13.89
328,Saurimo,AO,2022-11-24 20:00:41,-9.6608,20.3916,68.36,81,22,0.6
329,Ayorou,NE,2022-11-24 20:00:42,14.7308,0.9174,79.32,12,68,10.8
330,Fukue,JP,2022-11-24 20:00:42,32.6881,128.8419,62.24,57,86,10.63
331,Talnakh,RU,2022-11-24 20:00:43,69.4865,88.3972,-32.91,94,58,2.19
332,Myitkyina,MM,2022-11-24 20:00:43,25.3833,97.4,58.41,69,3,2.86
333,Isangel,VU,2022-11-24 20:00:44,-19.55,169.2667,79.97,81,12,8.86
334,Nyurba,RU,2022-11-24 20:00:44,63.2842,118.3319,-36.56,100,87,1.92
335,Berdigestyakh,RU,2022-11-24 20:00:45,62.0989,126.6992,-38.51,100,89,1.28
336,Longview,US,2022-11-24 20:00:45,32.5007,-94.7405,64.65,96,75,4.61
337,Sao Geraldo Do Araguaia,BR,2022-11-24 20:00:46,-6.4006,-48.555,76.55,92,100,4.16
338,San Carlos,VE,2022-11-24 20:00:46,9.6612,-68.5827,85.8,61,52,2.26
339,Yelizovo,RU,2022-11-24 20:00:46,53.1873,158.3805,24.94,58,0,6.71
340,Guiratinga,BR,2022-11-24 20:00:47,-16.3494,-53.7583,84.47,52,88,5.64
341,Dingle,PH,2022-11-24 20:00:48,10.9995,122.6711,76.06,93,58,7.34
342,Puerto Del Rosario,ES,2022-11-24 20:00:49,28.5004,-13.8627,69.55,83,40,12.66
343,Qaqortoq,GL,2022-11-24 20:00:49,60.7167,-46.0333,24.08,67,22,10.83
344,Mafeteng,LS,2022-11-24 20:00:50,-29.823,27.2374,64.29,29,0,4.12
345,Srednekolymsk,RU,2022-11-24 20:00:50,67.45,153.6833,-20.27,99,100,4.47
346,Arawa,PG,2022-11-24 20:00:51,-6.2132,155.5367,76.93,89,48,1.16
347,Amos,CA,2022-11-24 20:00:51,48.5669,-78.1162,34.54,91,100,10.96
348,Meulaboh,ID,2022-11-24 20:00:52,4.1363,96.1285,74.86,87,100,3.31
349,Kamwenge,UG,2022-11-24 20:00:52,0.1866,30.4539,61.93,97,75,1.52
350,Karpathos,GR,2022-11-24 20:00:53,35.507,27.2132,60.76,67,0,13.8
351,Laguna,US,2022-11-24 19:56:52,38.421,-121.4238,68.09,47,0,0.0
352,Sobolevo,RU,2022-11-24 20:00:54,54.4299,31.8996,29.3,98,100,9.4
353,Kasempa,ZM,2022-11-24 20:00:54,-13.4584,25.8338,64.53,95,100,3.2
354,Honningsvag,NO,2022-11-24 20:00:54,70.9821,25.9704,28.15,69,57,27.63
355,Port Hardy,CA,2022-11-24 20:00:55,50.6996,-127.4199,46.58,100,100,4.61
356,Merauke,ID,2022-11-24 20:00:55,-8.4667,140.3333,78.1,86,100,3.98
357,East London,ZA,2022-11-24 20:00:34,-33.0153,27.9116,66.81,72,100,15.39
358,Neijiang,CN,2022-11-24 20:00:56,29.5835,105.0622,58.46,93,100,1.86
359,Sterling,US,2022-11-24 20:00:12,39.0062,-77.4286,62.02,36,0,8.99
360,Buzdyak,RU,2022-11-24 20:00:57,54.5833,54.55,27.7,97,99,5.32
361,Souillac,MU,2022-11-24 20:00:57,-20.5167,57.5167,74.57,74,22,12.19
362,Ushtobe,KZ,2022-11-24 20:00:58,45.2514,77.9838,36.91,84,100,2.24
363,Dobrinka,RU,2022-11-24 20:01:59,52.1653,40.4731,34.14,92,100,4.65
364,Liverpool,GB,2022-11-24 19:57:37,53.4106,-2.9779,46.35,89,75,10.36
365,Poum,NC,2022-11-24 20:02:00,-20.2333,164.0167,77.97,81,93,12.46
366,Nenjiang,CN,2022-11-24 20:02:01,49.1833,125.2167,16.77,95,100,7.58
367,Ranong,TH,2022-11-24 20:02:01,9.9658,98.6348,76.77,89,100,2.64
368,Voznesenye,RU,2022-11-24 20:02:02,61.0106,35.4781,19.69,79,9,8.84
369,Sur,OM,2022-11-24 20:02:02,22.5667,59.5289,75.27,52,97,1.81
370,Erzin,TR,2022-11-24 20:02:03,36.9559,36.2,57.58,74,79,6.76
371,Hof,DE,2022-11-24 20:02:03,50.3167,11.9167,42.93,92,75,5.75
372,Takab,IR,2022-11-24 20:02:04,36.4009,47.1133,41.43,56,5,0.29
373,Bukama,CD,2022-11-24 20:02:04,-9.2,25.85,70.41,89,99,2.39
374,Kaitangata,NZ,2022-11-24 20:02:05,-46.2817,169.8464,48.96,84,84,11.21
375,Pokrovka,KG,2022-11-24 20:02:05,42.3414,78.0056,38.05,57,100,8.79
376,Pontianak,ID,2022-11-24 20:02:06,-0.0333,109.3333,73.38,100,71,2.3
377,Beringovskiy,RU,2022-11-24 20:02:06,63.05,179.3167,14.77,95,100,5.66
378,Katherine,AU,2022-11-24 20:02:07,-14.4667,132.2667,79.12,78,82,3.44
379,Los Llanos De Aridane,ES,2022-11-24 20:02:07,28.6585,-17.9182,67.75,91,40,6.91
380,Tarnogskiy Gorodok,RU,2022-11-24 20:02:08,60.4997,43.5761,14.74,81,100,6.42
381,Vila Franca Do Campo,PT,2022-11-24 20:02:08,37.7167,-25.4333,58.19,75,70,6.64
382,Katsuura,JP,2022-11-24 20:02:09,35.1333,140.3,59.02,72,100,13.6
383,Yarada,IN,2022-11-24 20:02:09,17.65,83.2667,77.32,100,75,2.3
384,High Level,CA,2022-11-24 20:00:52,58.5169,-117.136,28.51,100,75,0.0
385,Kudahuvadhoo,MV,2022-11-24 20:02:10,2.6708,72.8944,80.98,79,97,15.12
386,Xining,CN,2022-11-24 20:02:10,36.6167,101.7667,33.89,28,10,3.89
387,Vila Velha,BR,2022-11-24 20:02:11,-20.3297,-40.2925,71.94,98,100,5.01
388,Ormara,PK,2022-11-24 20:02:12,25.2088,64.6357,77.27,46,11,6.17
389,Ulladulla,AU,2022-11-24 20:02:12,-35.35,150.4667,59.85,93,98,3.96
390,Port Hawkesbury,CA,2022-11-24 19:58:13,45.6169,-61.3485,32.63,70,40,26.46
391,Fort Madison,US,2022-11-24 20:02:13,40.6298,-91.3151,52.48,82,87,4.61
392,Ust-Maya,RU,2022-11-24 20:02:14,60.4167,134.5333,-34.1,100,93,1.07
393,San Luis,AR,2022-11-24 20:02:14,-33.295,-66.3356,97.27,14,40,2.15
394,Santa Fe,AR,2022-11-24 19:59:52,-31.6333,-60.7,100.29,29,51,5.01
395,Goderich,CA,2022-11-24 20:02:15,43.7501,-81.7165,51.91,67,100,15.1
396,Korla,CN,2022-11-24 20:02:15,41.7597,86.1469,35.19,57,19,4.52
397,Broken Hill,AU,2022-11-24 20:02:16,-31.95,141.4333,63.7,43,0,7.7
398,Dutlwe,BW,2022-11-24 20:02:17,-23.9833,23.9,81.57,36,100,10.33
399,Barreiras,BR,2022-11-24 20:02:17,-12.1528,-44.99,80.08,74,75,4.05
400,Vardo,NO,2022-11-24 20:02:18,70.3705,31.1107,24.78,93,75,25.32
401,Shimoda,JP,2022-11-24 20:02:19,34.6667,138.95,53.1,76,100,14.79
402,La Ronge,CA,2022-11-24 20:01:04,55.1001,-105.2842,33.22,90,100,5.66
403,Namibe,AO,2022-11-24 20:02:19,-15.1961,12.1522,73.72,76,82,1.83
404,Filadelfia,US,2022-11-24 19:59:18,39.9523,-75.1638,58.35,50,53,1.99
405,Mwense,ZM,2022-11-24 20:02:20,-10.3845,28.698,70.27,75,44,4.09
406,Teluk Intan,MY,2022-11-24 20:02:20,4.0259,101.0213,73.09,97,85,1.95
407,Komsomolskiy,UZ,2022-11-24 20:02:21,40.4272,71.7189,41.72,81,100,6.91
408,Bjornevatn,NO,2022-11-24 20:02:21,69.6672,29.9847,21.54,93,75,13.8
409,Lambarene,GA,2022-11-24 20:02:22,-0.7001,10.2406,75.34,96,100,3.98
410,Faya,SA,2022-11-24 20:02:22,18.3851,42.4509,57.07,59,0,3.67
411,Silver City,US,2022-11-24 20:00:34,32.7701,-108.2803,46.36,44,100,19.57
412,Shangzhi,CN,2022-11-24 20:03:24,45.2167,127.9667,31.24,98,100,1.7
413,Potosi,BO,2022-11-24 20:03:25,-19.5836,-65.7531,55.35,25,96,18.57
414,Rossosh,RU,2022-11-24 20:03:26,51.1209,38.5116,32.92,86,100,8.21
415,Hofn,IS,2022-11-24 20:03:26,64.2539,-15.2082,42.08,93,100,25.41
416,Honiara,SB,2022-11-24 20:03:28,-9.4333,159.95,79.43,82,6,3.33
417,Kavaratti,IN,2022-11-24 20:03:28,10.5669,72.642,81.05,74,97,5.93
418,Mbaiki,CF,2022-11-24 20:03:28,3.8678,17.9892,73.99,80,92,1.34
419,Boyolangu,ID,2022-11-24 20:00:45,-8.1181,111.8935,75.11,87,100,1.86
420,Burnie,AU,2022-11-24 20:03:29,-41.0667,145.9167,54.95,69,76,9.6
421,Abu Dhabi,AE,2022-11-24 20:00:02,24.4667,54.3667,75.96,66,2,9.13
422,Mitchell,US,2022-11-24 20:03:04,43.7094,-98.0298,46.38,53,0,17.27
423,Houma,US,2022-11-24 20:03:30,29.5958,-90.7195,71.6,94,100,10.36
424,Ust-Nera,RU,2022-11-24 20:03:30,64.5667,143.2,-26.7,97,96,1.01
425,Wilkie,CA,2022-11-24 20:03:31,52.4168,-108.7014,28.89,82,100,9.31
426,Tornio,FI,2022-11-24 20:03:31,65.8481,24.1466,23.02,86,81,9.19
427,Imeni Morozova,RU,2022-11-24 20:03:31,59.9757,31.0376,19.44,88,89,5.91
428,Matagami,CA,2022-11-24 20:03:32,49.7502,-77.6328,33.75,92,100,10.78
429,Yuanping,CN,2022-11-24 20:03:33,38.7153,112.7575,41.22,46,0,6.02
430,Honggang,CN,2022-11-24 20:03:33,46.4667,124.8667,25.68,95,100,3.71
431,Chegdomyn,RU,2022-11-24 20:03:33,51.1167,133.0167,-2.43,93,99,0.94
432,Sioux Falls,US,2022-11-24 19:59:34,43.55,-96.7003,44.94,68,10,8.01
433,Vallenar,CL,2022-11-24 20:03:34,-28.5708,-70.7581,86.0,18,0,10.16
434,Fare,PF,2022-11-24 20:03:34,-16.7,-151.0167,78.48,76,33,15.21
435,Barra Do Garcas,BR,2022-11-24 20:00:46,-15.89,-52.2567,88.57,50,84,3.27
436,Cao Bang,VN,2022-11-24 20:03:35,22.6667,106.25,67.95,98,100,1.14
437,Mangochi,MW,2022-11-24 20:03:35,-14.4782,35.2645,76.95,65,10,1.79
438,Itapaci,BR,2022-11-24 20:03:36,-14.9508,-49.5494,77.76,82,100,4.7
439,Damara,CF,2022-11-24 20:03:36,4.9608,18.7035,78.62,65,90,1.07
440,Boden,SE,2022-11-24 20:03:37,65.8252,21.6886,26.6,98,94,1.32
441,Puerto Quijarro,BO,2022-11-24 20:03:37,-17.7833,-57.7667,99.1,26,1,5.23
442,Tuxtepec,MX,2022-11-24 20:00:48,18.1,-96.1167,83.1,66,69,5.35
443,Aksarka,RU,2022-11-24 20:03:38,66.5606,67.7975,-6.23,98,82,4.79
444,Saint-Francois,FR,2022-11-24 19:58:43,46.4154,3.9054,47.64,76,0,5.75
445,Hambantota,LK,2022-11-24 20:03:38,6.1241,81.1185,76.46,86,70,9.04
446,Soure,BR,2022-11-24 20:03:39,-0.7167,-48.5233,82.85,67,95,12.48
447,Pathein,MM,2022-11-24 20:03:39,16.7833,94.7333,74.52,90,22,3.53
448,Teya,RU,2022-11-24 20:03:40,60.3778,92.6267,-18.13,99,99,1.21
449,Dabakala,CI,2022-11-24 20:03:40,8.3667,-4.4333,80.89,48,100,3.11
450,Coihaique,CL,2022-11-24 19:59:48,-45.5752,-72.0662,57.81,38,20,9.22
451,Bundaberg,AU,2022-11-24 20:03:41,-24.85,152.35,69.22,80,100,1.01
452,Rundu,NA,2022-11-24 20:03:41,-17.9333,19.7667,75.45,49,100,3.31
453,San Juan,AR,2022-11-24 20:00:03,-31.5375,-68.5364,100.45,10,0,7.29
454,Whitecourt,CA,2022-11-24 20:01:05,54.1502,-115.6855,44.6,58,100,4.74
455,Severnoye,RU,2022-11-24 20:03:42,56.3491,78.3619,-12.01,99,75,1.97
456,Mayo,US,2022-11-24 20:03:42,38.8876,-76.5119,62.13,51,0,5.99
457,Beyneu,KZ,2022-11-24 20:03:43,45.3167,55.2,41.05,80,5,7.27
458,Maubin,MM,2022-11-24 20:03:43,16.7333,95.65,73.08,77,55,6.04
459,Zambezi,ZM,2022-11-24 20:03:44,-13.5432,23.1047,67.46,86,91,5.26
460,Pombia,IT,2022-11-24 20:04:44,45.653,8.6336,50.09,69,0,8.05
461,Hauterive,FR,2022-11-24 20:04:45,46.0901,3.4459,48.96,71,100,5.1
462,Joao Camara,BR,2022-11-24 20:04:45,-5.5375,-35.8197,82.17,56,14,14.9
463,Aba,NG,2022-11-24 20:00:45,5.1066,7.3667,78.35,66,88,5.37
464,Morehead,US,2022-11-24 20:04:46,37.2711,-87.1764,64.15,36,75,0.0
465,San Javier,ES,2022-11-24 20:04:46,37.8063,-0.8374,64.4,81,79,1.99
466,Saint-Louis,SN,2022-11-24 20:01:02,16.3333,-15.0,82.83,12,100,9.19
467,Woodstock,CA,2022-11-24 20:01:05,43.1334,-80.7497,51.66,61,100,8.25
468,Mahibadhoo,MV,2022-11-24 20:04:47,3.7833,72.9667,80.67,79,98,13.69
469,Sungaipenuh,ID,2022-11-24 20:04:48,-2.0833,101.3833,64.18,97,100,1.52
470,Port Macquarie,AU,2022-11-24 20:00:39,-31.4333,152.9167,59.9,84,7,3.65
471,Klaksvik,FO,2022-11-24 20:04:48,62.2266,-6.589,47.32,88,17,20.09
472,Charlestown,AU,2022-11-24 20:04:28,-32.95,151.6667,66.85,92,12,1.01
473,Maku,IR,2022-11-24 20:04:49,39.2911,44.4521,45.7,54,79,3.02
474,Russkaya Polyana,UA,2022-11-24 20:04:49,49.417,31.9201,42.73,93,100,5.3
475,Severnyy,RU,2022-11-24 20:04:49,50.677,36.5532,30.24,93,100,8.95
476,Aksha,RU,2022-11-24 20:04:50,50.2814,113.2867,7.99,63,100,18.79
477,Saravan,AM,2022-11-24 20:04:50,39.7196,45.6483,40.78,50,8,3.27
478,Tabuk,PH,2022-11-24 20:04:51,17.4189,121.4443,72.5,90,32,3.02
479,Ucluelet,CA,2022-11-24 20:04:51,48.9329,-125.5528,49.08,85,100,1.01
480,Bonoua,CI,2022-11-24 20:04:52,5.2741,-3.595,76.62,84,98,4.81
481,Caloocan,PH,2022-11-24 20:04:52,14.6571,120.9841,80.47,83,75,2.3
482,Pokhara,NP,2022-11-24 20:04:52,28.2333,83.9833,57.87,45,0,5.39
483,Tonantins,BR,2022-11-24 20:04:53,-2.8731,-67.8022,83.05,73,99,2.24
484,Amahai,ID,2022-11-24 20:04:53,-3.3333,128.9167,78.46,83,80,5.1
485,Mao,ES,2022-11-24 20:04:54,39.8885,4.2658,64.96,82,40,10.36
486,Saint-Pierre,RE,2022-11-24 20:00:33,-21.3393,55.4781,73.08,73,0,8.05
487,Adrar,MR,2022-11-24 20:04:54,20.5022,-10.0711,73.89,15,100,9.22
488,Luena,AO,2022-11-24 20:04:55,-11.7833,19.9167,64.47,92,68,4.23
489,Sola,VU,2022-11-24 20:04:55,-13.8833,167.55,82.26,68,82,7.65
490,Constitucion,CL,2022-11-24 20:00:57,-35.3333,-72.4167,67.12,65,56,11.56
491,Bubaque,GW,2022-11-24 20:04:56,11.2833,-15.8333,83.19,55,100,9.19
492,Fethiye,TR,2022-11-24 20:02:20,36.6217,29.1164,51.67,73,0,3.83
493,Buala,SB,2022-11-24 20:04:56,-8.145,159.5921,81.45,79,6,4.94
494,Chivilcoy,AR,2022-11-24 20:00:07,-34.8957,-60.0167,98.98,17,6,13.65
495,Wufeng,CN,2022-11-24 20:04:57,27.45,104.8333,46.71,94,100,3.56
496,Camopi,GF,2022-11-24 20:04:57,3.1655,-52.3158,84.78,63,100,4.32
497,Coihueco,CL,2022-11-24 20:04:58,-36.6167,-71.8333,83.14,32,0,11.5
498,Inongo,CD,2022-11-24 20:04:58,-1.95,18.2667,74.97,85,44,3.69
499,Karymskoye,RU,2022-11-24 20:04:58,51.6167,114.35,11.61,89,100,11.43
500,Chambersburg,US,2022-11-24 20:04:59,39.9376,-77.6611,58.77,44,54,7.0
501,Ucar,AZ,2022-11-24 20:04:59,40.519,47.6542,41.18,65,0,3.78
502,Nichinan,JP,2022-11-24 20:05:00,31.6,131.3667,57.09,81,1,4.83
503,Batagay-Alyta,RU,2022-11-24 20:05:00,67.8006,130.4114,-26.64,97,99,1.68
504,Nishihara,JP,2022-11-24 20:05:01,26.1842,127.7558,72.68,74,0,11.5
505,Namtsy,RU,2022-11-24 20:05:01,62.7161,129.6658,-39.17,100,86,2.84
506,Synya,RU,2022-11-24 20:06:02,65.3718,58.0387,-6.99,100,89,1.32
507,Freeport,US,2022-11-24 20:04:17,40.6576,-73.5832,55.38,61,0,8.05
508,Dali,CN,2022-11-24 20:06:02,25.7,100.1833,46.67,76,53,2.39
509,San Fernando,PH,2022-11-24 20:06:03,15.0286,120.6898,80.33,87,90,4.76
510,Redlands,US,2022-11-24 20:01:03,34.0556,-117.1825,76.17,13,10,1.01
511,Oussouye,SN,2022-11-24 20:06:04,12.485,-16.5469,79.05,29,100,6.85
512,Energeticheskiy,KZ,2022-11-24 20:06:04,43.4278,77.0222,37.96,100,100,2.24
513,Loanda,AO,2022-11-24 20:04:54,-8.8368,13.2343,79.12,82,52,7.61
514,Ponta Pora,BR,2022-11-24 20:06:05,-22.5361,-55.7256,82.31,34,0,6.91
515,Mikhaylovka,RU,2022-11-24 20:06:05,50.06,43.2379,31.69,92,100,5.95
516,Banda Aceh,ID,2022-11-24 20:06:06,5.5577,95.3222,79.0,75,99,12.44
517,Tokmak,UA,2022-11-24 20:06:06,47.2514,35.7058,46.58,89,100,6.15
518,Palana,RU,2022-11-24 20:06:07,59.1167,159.9667,19.76,64,100,22.55
519,Candido Mendes,BR,2022-11-24 20:06:07,-1.4467,-45.7167,83.07,66,91,6.76
520,Byron Bay,AU,2022-11-24 20:03:03,-28.65,153.6167,65.95,81,6,5.39
521,Sitamau,IN,2022-11-24 20:06:08,24.0167,75.35,60.66,32,1,4.65
522,Puerto Escondido,MX,2022-11-24 20:06:08,15.85,-97.0667,85.42,62,22,8.3
523,Chany,RU,2022-11-24 20:06:09,55.3121,76.7647,-2.31,96,97,4.36
524,Tezu,IN,2022-11-24 20:06:10,27.9167,96.1667,62.38,48,0,4.34
525,Grimshaw,CA,2022-11-24 20:06:10,56.1834,-117.6027,40.73,80,98,11.79
526,Saint-Augustin,CA,2022-11-24 20:06:11,51.226,-58.6502,15.78,67,55,19.48
527,Healesville,AU,2022-11-24 20:06:11,-37.65,145.5167,55.22,92,75,1.45
528,Mugur-Aksy,RU,2022-11-24 20:06:12,50.35,90.5,-9.65,67,13,6.35
529,Lac Du Bonnet,CA,2022-11-24 20:06:12,50.2536,-96.0612,31.95,84,100,7.63
530,Bontang,ID,2022-11-24 20:06:13,0.1333,117.5,75.51,90,86,6.98
531,Vitim,RU,2022-11-24 20:06:13,59.4511,112.5578,-11.33,100,100,2.26
532,Jiangyou,CN,2022-11-24 20:06:13,31.7667,104.7167,55.27,81,43,3.11
533,Ugoofaaru,MV,2022-11-24 20:06:14,5.6667,73.0,81.21,72,43,9.44
534,Mabaruma,GY,2022-11-24 20:06:14,8.2,-59.7833,73.08,99,100,3.51
535,Yaroslavskiy,RU,2022-11-24 20:06:15,44.1683,132.2072,32.83,95,100,10.49
536,Sao Jose Da Coroa Grande,BR,2022-11-24 20:06:16,-8.8978,-35.1478,79.56,75,19,13.49
537,Columbus,US,2022-11-24 20:01:41,39.9612,-82.9988,63.99,39,0,9.22
538,Guye,CN,2022-11-24 20:06:16,39.7333,118.4167,45.84,74,60,6.31
539,Guanica,PR,2022-11-24 20:06:17,17.9716,-66.908,87.13,78,5,9.93
540,Juneau,US,2022-11-24 20:04:09,58.3019,-134.4197,38.21,94,75,13.8
541,Vanavara,RU,2022-11-24 20:06:17,60.34,102.2797,-14.42,97,100,5.5
542,Qasigiannguit,GL,2022-11-24 20:06:18,68.8193,-51.1922,1.2,80,39,5.82
543,Rudbar,AF,2022-11-24 20:06:19,30.15,62.6,58.23,20,2,4.25
544,Manoel Urbano,BR,2022-11-24 20:06:19,-8.8389,-69.2597,79.23,84,93,2.17
545,Kasongo-Lunda,CD,2022-11-24 20:06:20,-6.4667,16.8167,72.18,88,22,0.92
546,Sinnamary,GF,2022-11-24 20:06:20,5.3833,-52.95,81.5,80,100,13.02
547,Tukrah,LY,2022-11-24 20:06:21,32.5341,20.5791,66.45,75,13,11.36
548,Nakusp,CA,2022-11-24 20:06:21,50.2499,-117.8023,37.47,91,100,2.19
549,Wynyard,AU,2022-11-24 20:06:22,-41.0,145.7167,54.99,69,100,6.6
550,North Platte,US,2022-11-24 20:06:22,41.1239,-100.7654,51.69,34,0,19.57
551,Revda,RU,2022-11-24 20:06:23,56.801,59.9303,13.96,94,100,8.81
552,Smolenka,RU,2022-11-24 20:06:23,52.1352,113.4974,5.07,92,100,2.24
553,Yinchuan,CN,2022-11-24 20:05:32,38.4681,106.2731,41.27,35,0,6.33
554,Guliston,UZ,2022-11-24 20:07:24,40.4897,68.7842,53.71,45,100,4.36
555,Store Heddinge,DK,2022-11-24 20:07:25,55.3097,12.3889,44.28,90,100,8.41
556,Saint Anthony,US,2022-11-24 20:07:26,45.0205,-93.218,42.73,78,0,11.5
557,Matao,BR,2022-11-24 20:07:26,-21.6033,-48.3658,80.92,53,45,13.22
558,Mesyagutovo,RU,2022-11-24 20:07:26,55.5303,58.2528,18.63,93,100,9.15
559,Ketchikan,US,2022-11-24 20:07:27,55.3422,-131.6461,43.27,75,75,11.5
560,Madhupur,IN,2022-11-24 20:07:27,24.25,86.65,61.12,44,0,7.36
561,Oranjemund,NA,2022-11-24 20:07:28,-28.55,16.4333,60.8,82,0,18.05
562,Sept-Iles,CA,2022-11-24 20:06:12,50.2001,-66.3821,26.06,55,76,8.99
563,Rawson,AR,2022-11-24 20:07:29,-43.3002,-65.1023,67.44,29,25,18.07
564,Padang,ID,2022-11-24 20:07:29,-0.9492,100.3543,76.28,86,100,3.65
565,Haines Junction,CA,2022-11-24 20:07:29,60.7522,-137.5108,23.95,90,100,0.69
566,Mombaca,BR,2022-11-24 20:07:30,-5.7431,-39.6275,93.72,27,71,7.2
567,Jishou,CN,2022-11-24 20:07:30,28.3167,109.7167,59.79,84,93,1.57
568,Ponta Delgada,PT,2022-11-24 20:07:31,37.7333,-25.6667,58.5,76,20,2.3
569,Jinchang,CN,2022-11-24 20:07:31,38.4953,102.1739,32.34,37,7,2.8
570,Ozernovskiy,RU,2022-11-24 20:07:31,51.5,156.5167,31.32,58,100,6.35
571,Roald,NO,2022-11-24 20:07:32,62.5833,6.1333,49.12,53,0,12.66
572,Erdenet,MN,2022-11-24 20:07:32,49.0333,104.0833,0.07,90,100,1.81
573,Alma,CA,2022-11-24 20:05:01,48.5501,-71.6491,27.61,89,100,3.78
574,Buraydah,SA,2022-11-24 20:07:33,26.326,43.975,70.0,23,86,13.91
575,Thinadhoo,MV,2022-11-24 20:07:33,0.5333,72.9333,81.79,74,52,14.97
576,Alofi,NU,2022-11-24 20:07:34,-19.0595,-169.9187,82.29,74,40,5.75
577,Alekseyevsk,RU,2022-11-24 20:07:34,57.8406,108.3492,-14.42,100,100,2.17
578,Peleduy,RU,2022-11-24 20:07:35,59.6289,112.7406,-13.72,100,100,2.17
579,Fenoarivo Atsinanana,MG,2022-11-24 20:07:35,-17.3667,49.4167,73.2,88,30,4.25
580,Jesup,US,2022-11-24 20:07:35,31.6074,-81.8854,73.33,68,100,5.75
581,Formosa,AR,2022-11-24 20:07:36,-26.1775,-58.1781,86.36,36,0,7.63
582,Angoche,MZ,2022-11-24 20:07:36,-16.2325,39.9086,79.32,80,0,14.12
